sample	mapped_reads_per_cell	genes_per_cell	UMI_per_cell_dropseq
D01-D1_S1	37578	3486	15873
D01-P2_S4	24995	3122	10618
D02-CO_S2	13104	1947	5242
D02-P1_S3	18046	2382	7048
D02-PB_S4	17832	2634	8206
D03-KI_S1	33033	2474	9990
D03-MA_S2	35676	2979	11762
D03-FM_S3	41029	2747	11091
D06-FM_S1	34652	3792	14300
D06-MA_S3	17768	2104	6372
D06-KI_S4	18142	2087	7349
D11-PO_S1	22226	935	2261
D11-BU_S2	20099	1342	3261
D12-N1_S1	29643	509	907
D12-N2_S2	19789	477	895
